número_pregunta,pregunta,salida_llm,nombre_variante
1,where did the vietnam war mainly take place,"Vietnam, Laos, and Cambodia",rag
2,when was krakauer considered a success as a writer,Between nineteen eighty four and two thousand five,rag
3,who played mrs garrett's son on facts of life,Charlotte Rae Kim Fields Gary Coleman Raymond Garrett Larry Williamson Richard Garrett Charles Rae,rag
4,when is the men's ice hockey winter olympics 2018,February 14-25 2018 February 9-25 February 9 and February 25 2018 February 10-22 2018 February 12-27 2018,rag
5,according to the bmw of north america v. gore case excessive punitive damages violate what,Due Process Clause of the Fourteenth Amendment,rag
6,who made the film society of the spectacle,Guy Debord,rag
7,when did the queen became the queen of the uk,"February 6, 1952",rag
8,how many times does a hummingbird heartbeat per minute,1260 beats per minute,rag
9,when were each of the harry potter books released,1997 1998 2000 2006 2007 2017 June 1997,rag
10,when did the first papa john's open,1857 1876 1879 1883 1884 1885 1886 1887 1888 1889 1891 1892 1903 1904 1905 1907 1908 1909 1913 1921 1922 1923 1924 1926 1927 1928 1931 1933 1936 1961 1978 1998,rag
11,who plays kyle wren in star wars 7,Brad Pitt Jessica Lange Adrien Brody Bradley Cooper Luke Skywalker Ryan Reynolds Harrison Ford Christopher Lee,rag
12,who did the song play that funky music white boy,Wild Cherry,rag
13,what's the zip code for sioux falls south dakota,57101 57103 57104 59109 59110 63168 63801 65445 66858 45069 04058 1037 -55807-080-6560-5560 -58009 93746.756,rag
14,when did the packers stop playing in milwaukee,1994,rag
15,when did lionel messi score his first goal,"May first, 2005 17 August 2005 20 years ago 1987 1990 2006-07 season February 23, 1892 1896",rag
16,who wins season 12 of america's next top model,Teyona Anderson from New Jersey,rag
17,what year did the first love island start,1960 1971 1980 1888 1890 1894 1876 1878 1952 1931 2005 2014 2011 1865 1848 1821 1824 1830 1840 1854 1903 1948 1994 2015 2019,rag
18,what time does the ap poll come out on sunday,2 p.m. Eastern Time,rag
19,who won coach trip road to ibiza 2016,Michael Toland and Justin Farage won Coach Trip Road to Ibiza 2016 Ben Clarke and Ryan O'Sullivan won Coach Trip Road to Ibiza 2016 Michael Osborn won Coach Trip Road to Ibiza 2016 X Factor and Coach Trip to Ibiza 2016 won Coach Trip Road to Ibiza 2016 The United States won Coach Trip Road to Ibiza 2016 The Beatles won Coach Trip Road to Ibiza 2016,rag
20,when is a thousand splendid suns movie coming out,July 5 2013 April 26 2015 May 27 2018 June 15 2018 December 21 2018 August 25 2019 2020,rag
21,who won the olympics in make it or break it,United States,rag
22,who plays miranda bailey in grey's anatomy,Chandra Danette Wilson plays Miranda Bailey in Grey's Anatomy,rag
23,how many times have arsenal won the pl,Arsenal have won the Premier League three times since 1992 Arsenal have won the Premier League six times Arsenal have won the Premier League twice Arsenal have won the Premier League title only once Arsenal last won the Premier League title in 2003/04,rag
24,when did the battle of waterloo start and end,"June 18, 1815",rag
25,what does the hmr stand for in .17hmr,High Resolution Relay,rag
26,who does the care standards act 2000 protect,individuals and entities children and vulnerable adults people with incapacity in Scotland Medicaid patients the public people in need all service providers,rag
27,when was fathers day made a national holiday,1972 1969 1948 1964 1931 1924 1927 1910 1903,rag
28,who sings the song out of my head,Justin Timberlake John Mayer Jimmy Fallon Bill Pullman A J Miller Shane Codd The X-Men The Vampires Billie Jean King The Smashing Pumpkins Kylie Minogue Fastball,rag
29,who wrote the theme song to hawaii 5-0,Morton Stevens wrote the theme song to Hawaii Five-O Dave Cummings wrote the theme song to Hawaii 5-0 John Ames Junior and Paul McCartney wrote the theme song to Hawaii Five-O The Walt Disney Company wrote the theme song to Hawaii 5-0 Moore Stevens wrote the theme song to Hawaii Five-O Ida Lupino wrote the song Hawaii 5-0 Steve Schwartz and Joe Gibbs wrote the theme song to Hawaii 5-0 Mark Hamlin and Scott Wilson wrote the theme song to Hawaii 5-0 Michael Jackson and James Dean wrote the theme song to Hawaii 5-0,rag
30,when did south korea separate from north korea,"January 5, 1945 August 15, 1948 September 9, 1948 October 3, 1945 1939 1948 1967 1980 1865 1991 February 1, 1953",rag
31,what type of basketball is used in the nba,Spalding NBA Official Game Ball,rag
32,who played penny's mother on good times,Mary Ellen Crawford Cynthia Bailey Michelle Binoche Betty Moore Cynthia Ann McKay Esther Rolle Bette Davis Willona Woods Linella Gordon Chip Fields,rag
33,who plays treasure in how i met your mother,Helen Hunt Jennifer Lopez Jessica Simpson Gemma Watts Grace McDowell Shelby Carter Bays Barney,rag
34,how many superbowls did the green bay packers win,"Green Bay Packers have won four Super Bowls in 1966, 1967, 1996 and 2010",rag
35,who played seven of nine on star trek voyager,Jeri Ryan,rag
36,how many players does the nba draft each year,Sixty players are selected in each draft,rag
37,who plays the voice of roberta on the cleveland show,Paula Ryan Laura Schramm Kristen Wise Stephen Frye Roberta Elaine d'alaveras Jane d'alaveras Lori Lynn Lennox-Smith Elizabeth Leigh Lennox-Smith Yvette Eberhardt Tyler Shelton Amy Oldfield Bryan DeWolfe Miranda Russell Brian Lewis Kate Winslet Richard Appel Mike Henry Roberta Williamson Freddie Prinze John Dezsoe Sarah Jessica Parker Jessi Leigh,rag
38,where did the bombing of pearl harbor happen,"Oahu, Hawaii Pearl Harbor, California United States Hawaiian island of Oahu Japan Pearl Harbor",rag
39,when did ohio state get a football team,1890 1976 1981 1983 1986 1954 1973,rag
40,who has had a quadruple double in the nba,Nate Thurmond Alvin Robertson Hakeem Olajuwon David Robinson Stephen Curry Larry Johnson Wilt Chamberlain,rag
41,season 5 episode 25 release date steven universe,September 5 2018,rag
42,when did pip agree to meet the convict,Pip agreed to meet the convict in February eighteen ninety nine Pip agreed to meet the convict early the next morning Pip agreed to meet the convict after being beaten up in the churchyard Pip agreed to meet the convict in the spring of eighteen seventy nine Pip agreed to meet the convict in the fall of eighteen ninety eight Ramona Halvorson and Pip agreed to meet the convict at a nearby restaurant,rag
43,where does the new karate kid take place,United States of America China Japan California New York San Fernando Valley Los Angeles,rag
44,what is the largest city in central america,Mexico City is the largest city in Central America Guatemala City is the largest city in Central America Panama City Panama is the largest city in Central America San Salvador is the largest city in Central America Washington D.C. is the largest city in central america,rag
45,when was maryland drinking age changed to 21,"July 1, 1982",rag
46,who played the president in iron man 3,William Sadler,rag
47,who sings the cold never bothered me anyway,Idina Menzel sings the song Elsa sings the song,rag
48,hills like white elephants what kind of operation are the characters discussing,abortion,rag
49,names of the spanish speaking countries in the caribbean,Cuba Dominican Republic Puerto Rico,rag
50,when did nigeria adopt the presidential system of government,1979,rag
51,nadal and federer are names related to which sport,tennis,rag
52,when was the treaty of brest litovsk signed,"March 3, 1918 February 9, 1918 March 3, 1918 19 August 1918 27 August 1918 19 August 1915 19 August 1918 10 September 1917 11 November 1917 9 November 1917 8 November 1917 26 April 1918 18 April 1905 6 April 1905 18 April 1905 19 December 1931 15 April 1753 1787 January 2, 1787 1819 7 July 1903 12 March 1917",rag
53,which school has the most ncaa men's basketball championships,University of California Los Angeles,rag
54,who won s8 of rupaul's drag race,Bob The Drag Queen,rag
55,when did all eyez on me come out album,"February 13, 1996",rag
56,who is woody from toy story based on,Woody is based on Woody a cartoon character Woody is based on Buzz Lightyear Woody is based on Woody's father Woody is based on Tom Sawyer Woody is based on Woody Stark Woody is based on a specific Slinky toy from the early nineteen fifties Woody is based on Woody Woods a teen sailor Woody is based on Bo Peep,rag
57,the place where the peasants struggled against the indigo plantation system,Bengal,rag
58,who was playing during the las vegas shooting,Jason Aldean,rag
59,who does the voice of nemo's dad in finding dory,Albert Brooks,rag
60,who played the lone ranger on the tv series,Clayton Moore John Hart Jay Silverheels Patrick Swayze Christopher Walken Armie Hammer Donald Sutherland,rag
61,muslim population in india according to 2011 census,"14.2 percent of 1,210,900,000",rag
62,where is indian head rock on smith lake,Indian Head Rock is located on Smith Lake in North Alabama near Cullman Alabama Indian Head Rock is located on Smith Lake in Washington Indian Head Rock is located on the south shoreline of Smith Lake Indian Head Rock is located on Smith Lake in the Pictured Rocks National Lakeshore Indian Head Rock is located on Smith Lake in Ohio at the bottom of the Ohio River Indian Head Rock is located on Smith Lake in the Wallowa Mountains Indian Head Rock is located on Smith Lake in California Indian Head Rock is located on Smith Lake in Sullivan County Washington,rag
63,who wrote the book around the world in 80 days,Jules Verne,rag
64,when did they quit making silver half dollars,1964 1965 1969 1972 1977 1995 2006 2007 2010,rag
65,who stirred up a slave rebellion in virginia,Nat Turner William Gooch James Madison Slaves,rag
66,players to average triple double in a season,Oscar Robertson Russell Westbrook Nikola Jokic,rag
67,where did the last name paniagua come from,Spanish origin derived from the words pan and agua water,rag
68,who does matthew broderick play in bee movie,Matthew Broderick plays the lead character in Bee movie,rag
69,when does the next season 3 of rick and morty start,July 30 2017,rag
70,who has been appointed as the new chancellor of nalanda university,Arvind Panagariya Narayana Dewan Nirmala Jayapal Narayana Jayapal Anil Kumar Singh Rajendra Prasad K V Naipal A M M Chandrasekaran Pranab Mukherjee Aishwarya Rai Bachchan Narendra Modi Sachin Chaturvedi Sarangulu Nasibeni Nambira Nambira Nanatha Sitharaman,rag
71,who was involved in the valentine's day massacre,George “Bugs” Moran Al Capone Byron Bolton Fred Goetz Fred Burke Ray Nugent Bob Carey Gus Winkler Jack “Machine Gun” McGurn The Purple Gang,rag
72,how many grammy nominations did the starland vocal band earn in 1976,The Starland Vocal Band earned eight Grammy nominations in 1976.,rag
73,who played michael myers rob zombie's halloween 2,Tyler Mane played Michael Myers in Rob Zombie’s Halloween 2. Nick Castle played Michael Myers in Rob Zombie's Halloween 2.,rag
74,who piloted the first commercial civil aviation flight that took place in india,J.R.D. Tata Henri Pequet Rajendra Prasad Arun Jaitley Rajah Datta Sir Thomas Royce Dr Prakash Javadekar Rajasentha Rani Mukhtar Indian pilots,rag
75,who is the actress playing mac on young and the restless,Kelly Kruger Ashley Bashioum Clementine Ford Elizabeth Harding Kelly Monaco Meryl Streep Emma Stone,rag
76,who sang knockin on heaven's door originally,Bob Dylan,rag
77,who came second in the x factor in 2009,Chris Issacs Leona Lewis Bruno Mars Dan Stevens Katie Waissel Darren Clarke Cole Nicola Stallone Kylie Minogue,rag
78,6. what is the name of the danish goldsmith who founded the pandora jewelry company,Per Enevoldsen,rag
79,who was known for having a sign on his desk that read the buck stops here,Harry S Truman Franklin D Roosevelt Robert M Fox Bill Gates William Franklin Buck Buck Jr Bob Geldof Bill Pullman Allen Weisselberg Steven Raab,rag
80,who has the most assist in nba history,John Stockton has the most assists in NBA history,rag
81,battle of shiloh where did it take place,The Battle of Shiloh took place in southwestern Tennessee between the towns of Shiloh and Pittsburg Landing in Hardin County,rag
82,where does the song london bridge is falling down come from,English song London Bridge is Falling Down American rock band The Killers English rock band The Clockwork Oranges British rock band The Beatles Nursery rhyme Poem,rag
83,what are all of the american horror story seasons,seven seasons four seasons five seasons six seasons twelve seasons thirteen seasons,rag
84,when did mini me died from austin powers,"April 21, 2018",rag
85,is bay of bengal a sea or ocean,Bay of Bengal is a sea or ocean,rag
86,when did my life as a teenage robot end,2006 2008 2009 2013 2017 2018,rag
87,when did come dine with me first start,January 10 2005,rag
88,who was the first to sing my way,Paul Anka Frank Sinatra,rag
89,when was the last time the us had a military draft,December seven nineteen seventy two,rag
90,what is the common name of dihydrogen monoxide,Water,rag
91,what state contains the geographic center of north america,North Dakota,rag
92,what is the latest version on mac os,macOS 10.13.6,rag
93,pirates of the caribbean cast will turner's dad,Stellan Skarsgard,rag
94,highest number of team goals in world cup,Brazil with 237 goals,rag
95,who is piper from orange is the new black married to,Alex Vause Robert J Schilling Alyson Moore Bill Cox Gordon A Taylor Nancy Drew Morelli Vanessa Kirby Howard Schultz Piper Chapman,rag
96,where did the movie 10000 bc take place,United States Colorado Namib desert in Southern Africa Sub-Sahara and arabian peninsula Urals South Pacific Berlin Colorado,rag
97,when did the beatles perform at shea stadium,August fifteenth nineteen sixty-five June twenty-sixth nineteen sixty-five June twenty-seventh nineteen sixty-five nineteen sixty-five nineteen sixty-six nineteen sixty-seven nineteen sixty-nine nineteen eighty-three February twelfth nineteen sixty-four,rag
98,where was he's just not that into you filmed,"Baltimore, Beverly Hills, Burbank, Formosa Street, Handy Market, Madras, Maida Vale, Portland, RMS Queen Mary, Venice, United States of America, Canada, Los Angeles, New York City, California, Maryland, and Illinois",rag
99,who was the leader of australia during ww2,John Curtin was the leader of Australia during World War Two Robert Menzies was the leader of Australia during World War Two Ben Chifley was the Prime Minister of Australia,rag
100,who plays derek's sister nancy on grey's anatomy,Embeth Jean Davidtz Jessica Simpson Ellen Pompeo Kristin Richards Caterina Scorsone Amy Acker,rag
